{
  "project_info": {
    "project_number": "1058075702351",
    "firebase_url": "https://sunlit-adviser-297013-default-rtdb.firebaseio.com",
    "project_id": "sunlit-adviser-297013",
    "storage_bucket": "sunlit-adviser-297013.appspot.com"
  },
  "client": [
    {
      "client_info": {
        "mobilesdk_app_id": "1:1058075702351:android:7fb6ae9621248a5483a63a",
        "android_client_info": {
          "package_name": "com.example.notice"
        }
      },
      "oauth_client": [
        {
          "client_id": "1058075702351-5tqv0such1dj1qplqmeiripd0qlvc187.apps.googleusercontent.com",
          "client_type": 3
        }
      ],
      "api_key": [
        {
          "current_key": "AIzaSyBFaIb9LsEpmEn6W4L2O6t71FxFIRwPB8A"
        }
      ],
      "services": {
        "appinvite_service": {
          "other_platform_oauth_client": [
            {
              "client_id": "1058075702351-5tqv0such1dj1qplqmeiripd0qlvc187.apps.googleusercontent.com",
              "client_type": 3
            }
          ]
        }
      }
    }
  ],
  "configuration_version": "1"
}